rank,level,function,calls,time
0,0,acceleration_eval_0,13530,1984.5491309165955
0,0,nnps.update,13530,7.180467128753662
0,0,Integrator.stage1,6765,3.258340835571289
0,0,Integrator.stage2,6765,3.21970796585083
0,0,Integrator.initialize,6765,1.8853890895843506
0,0,Integrator.update_domain,13530,1.1472437381744385
0,0,Solver._get_timestep,6766,0.43056631088256836
0,0,Solver.dump_output,72,0.16234374046325684
0,0,Integrator.initial_acceleration,1,0.12632107734680176
